{
  "directed": 0,
  "nodes": [
    {
      "id": 1,
      "name": "A"
    },
    {
      "id": 2,
      "name": "B"
    },
    {
      "id": 3,
      "name": "C"
    },
    {
      "id": 4,
      "name": "D"
    },
    {
      "id": 5,
      "name": "E"
    },
    {
      "id": 6,
      "name": "F"
    }
  ],
  "links": [

    {
      "source": 1,
      "target": 2,
      "edgeweight":3,
      "id":1
    },
    {
      "source": 1,
      "target": 5,
       "edgeweight":6,
      "id":2
    },
    {
      "source": 1,
      "target": 6,
       "edgeweight":9,
      "id":3
    },

    {
      "source": 2,
      "target": 3,
       "edgeweight":5,
      "id":4
    }
    ,

    {
      "source": 3,
      "target": 4,
       "edgeweight":4,
      "id":6
    }
    ,
    {
      "source": 4,
      "target": 5,
       "edgeweight":7,
      "id":8
    }
    
  ]
}