{
  "nodes": [
                {
                    "id":1,
                    "name":1
                  
                },
                 {
                    "id":2,
                    "name": 4
                  },
                  {
                    "id":4,
                    "name":2
                  
                  },
                  {
                    "id":5,
                    "name":5

                  },
                {"name":7,
                  "id":7
              }
          
            ],
  "links": [
   
    {"source": 1, "target": 4},
   
    {"source": 1, "target": 2},
      {"source": 4 ,"target": 5},
        {"source": 4, "target": 7}

  ]
}


