{"directed":1,"nodes":[{"id":0,"age":22,"eyeColor":"green","name":"Ramona Warren","gender":"female","company":"ZILPHUR","email":"ramonawarren@zilphur.com","phone":"+1 (925) 460-3454","day":"Monday","index":0},{"id":1,"age":33,"eyeColor":"green","name":"Villarreal Snyder","gender":"male","company":"RADIANTIX","email":"villarrealsnyder@radiantix.com","phone":"+1 (967) 586-3285","day":"Monday","index":1},{"id":2,"age":34,"eyeColor":"blue","name":"Flowers Mcdonald","gender":"male","company":"NUTRALAB","email":"flowersmcdonald@nutralab.com","phone":"+1 (815) 498-2903","day":"Monday","index":2},{"id":3,"age":29,"eyeColor":"brown","name":"Winifred Rivas","gender":"female","company":"PORTICA","email":"winifredrivas@portica.com","phone":"+1 (996) 571-2994","day":"Monday","index":3},{"id":4,"age":40,"eyeColor":"brown","name":"Clarissa Stuart","gender":"female","company":"LUMBREX","email":"clarissastuart@lumbrex.com","phone":"+1 (985) 600-2440","day":"Monday","index":4},{"id":5,"age":27,"eyeColor":"blue","name":"Gates Garza","gender":"male","company":"INTRADISK","email":"gatesgarza@intradisk.com","phone":"+1 (932) 438-3237","day":"Monday","index":5},{"id":6,"age":30,"eyeColor":"brown","name":"Hartman Jarvis","gender":"male","company":"STOCKPOST","email":"hartmanjarvis@stockpost.com","phone":"+1 (867) 500-3233","day":"Monday","index":6},{"id":7,"age":34,"eyeColor":"blue","name":"Rosa Mosley","gender":"male","company":"ORONOKO","email":"rosamosley@oronoko.com","phone":"+1 (884) 508-3340","day":"Monday","index":7},{"id":8,"age":36,"eyeColor":"green","name":"Campos Shaffer","gender":"male","company":"PROVIDCO","email":"camposshaffer@providco.com","phone":"+1 (807) 481-3216","day":"Monday","index":8},{"id":9,"age":37,"eyeColor":"blue","name":"Pansy Parsons","gender":"female","company":"SAVVY","email":"pansyparsons@savvy.com","phone":"+1 (938) 440-3958","day":"Monday","index":9},{"id":10,"age":30,"eyeColor":"blue","name":"Ray Lara","gender":"male","company":"ZOSIS","email":"raylara@zosis.com","phone":"+1 (827) 479-2604","day":"Monday","index":10},{"id":11,"age":35,"eyeColor":"blue","name":"Frieda Fisher","gender":"female","company":"EARTHPURE","email":"friedafisher@earthpure.com","phone":"+1 (869) 445-2091","day":"Monday","index":11},{"id":12,"age":29,"eyeColor":"blue","name":"House Vargas","gender":"male","company":"RODEOMAD","email":"housevargas@rodeomad.com","phone":"+1 (800) 574-2305","day":"Monday","index":12},{"id":13,"age":26,"eyeColor":"brown","name":"Naomi Sosa","gender":"female","company":"ZILLADYNE","email":"naomisosa@zilladyne.com","phone":"+1 (833) 408-3765","day":"Monday","index":13},{"id":14,"age":29,"eyeColor":"green","name":"Debbie Miles","gender":"female","company":"SENTIA","email":"debbiemiles@sentia.com","phone":"+1 (927) 455-3658","day":"Monday","index":14},{"id":15,"age":38,"eyeColor":"blue","name":"Welch Monroe","gender":"male","company":"EYERIS","email":"welchmonroe@eyeris.com","phone":"+1 (965) 419-3418","day":"Monday","index":15},{"id":16,"age":37,"eyeColor":"blue","name":"Laverne Potts","gender":"female","company":"SQUISH","email":"lavernepotts@squish.com","phone":"+1 (862) 494-2247","day":"Monday","index":16},{"id":17,"age":31,"eyeColor":"brown","name":"Graciela Mckee","gender":"female","company":"SKYBOLD","email":"gracielamckee@skybold.com","phone":"+1 (918) 521-3004","day":"Tuesday","index":17},{"id":18,"age":21,"eyeColor":"blue","name":"Jackie Blackwell","gender":"female","company":"MEDIFAX","email":"jackieblackwell@medifax.com","phone":"+1 (917) 443-3448","day":"Monday","index":18}],"links":[{"source":0,"target":1},{"source":0,"target":2},{"source":1,"target":2},{"source":3,"target":2},{"source":1,"target":10,"id":5},{"source":12,"target":10,"id":6},{"source":1,"target":6,"id":7},{"source":14,"target":1,"id":8},{"source":9,"target":14,"id":9},{"source":10,"target":9,"id":10},{"source":11,"target":2,"id":11},{"source":18,"target":1,"id":12},{"source":13,"target":18,"id":13},{"source":16,"target":1,"id":14},{"source":4,"target":3,"id":15},{"source":17,"target":2,"id":16},{"source":8,"target":16,"id":17},{"source":15,"target":1,"id":18},{"source":7,"target":16,"id":19},{"source":5,"target":16,"id":20}]}