 {"nodes": [
    {"id":0,"name":0},
    {"id":21,"name":21},
    {"id":2,"name":2},
    {"id":3,"name":3},
    {"id": 4, "name": 4},
    {"id":5,"name":5},
    {"id":6,"name":6},
    {"id":7,"name":7},
    {"id": 8, "name": 8},
    {"id":9,"name":9},
    {"id":10,"name":10},
    {"id":11,"name":11},
    {"id":12,"name":12}
  ],
  "links": [
    {"source":  0, "target":  21},
    {"source":  21, "target":  2},
    {"source":  2, "target":  0},
    {"source":  21, "target":  3},
    {"source":  3, "target":  2},
    {"source":  3, "target":  4},
    {"source":  4, "target":  5},
    {"source":  5, "target":  6},
    {"source":  5, "target":  7},
    {"source":  6, "target":  7},
    {"source":  6, "target":  8},
    {"source":  7, "target":  8},
    {"source":  9, "target":  4},
    {"source":  9, "target": 11},
    {"source":  9, "target": 10},
    {"source": 10, "target": 11},
    {"source": 11, "target": 12},
    {"source": 12, "target": 10}
  ]}